{"vit_accuracy": 0.6207, "vit_time_taken": 47.6427845954895, "bit_accuracy": 0.3318, "bit_time_taken": 109.75140714645386}